{
  "gates": [
    0.07112601399421692,
    0.0720728412270546,
    0.06523370742797852,
    0.7671567797660828
  ],
  "num_stages": 4,
  "probe_context_per_stage": [
    0.865,
    0.848,
    0.758,
    0.584
  ],
  "probe_class_per_stage": [
    0.398,
    0.687,
    0.866,
    0.935
  ],
  "mask_iou_per_stage": [
    [
      [
        1.0,
        0.8333333333333334,
        0.45454545454545453,
        0.8823529411764706
      ],
      [
        0.8333333333333334,
        1.0,
        0.375,
        0.9411764705882353
      ],
      [
        0.45454545454545453,
        0.375,
        1.0,
        0.391304347826087
      ],
      [
        0.8823529411764706,
        0.9411764705882353,
        0.391304347826087,
        1.0
      ]
    ],
    [
      [
        1.0,
        0.9411764705882353,
        0.6666666666666666,
        0.9696969696969697
      ],
      [
        0.9411764705882353,
        1.0,
        0.6341463414634146,
        0.9705882352941176
      ],
      [
        0.6666666666666666,
        0.6341463414634146,
        1.0,
        0.65
      ],
      [
        0.9696969696969697,
        0.9705882352941176,
        0.65,
        1.0
      ]
    ],
    [
      [
        1.0,
        0.9701492537313433,
        0.7432432432432432,
        0.9848484848484849
      ],
      [
        0.9701492537313433,
        1.0,
        0.7466666666666667,
        0.9850746268656716
      ],
      [
        0.7432432432432432,
        0.7466666666666667,
        1.0,
        0.7333333333333333
      ],
      [
        0.9848484848484849,
        0.9850746268656716,
        0.7333333333333333,
        1.0
      ]
    ],
    [
      [
        1.0,
        1.0,
        0.8823529411764706,
        1.0
      ],
      [
        1.0,
        1.0,
        0.8823529411764706,
        1.0
      ],
      [
        0.8823529411764706,
        0.8823529411764706,
        1.0,
        0.8823529411764706
      ],
      [
        1.0,
        1.0,
        0.8823529411764706,
        1.0
      ]
    ]
  ]
}