{
  "gates": [
    0.27966877818107605,
    0.14793187379837036,
    0.14763955771923065,
    0.6942567229270935
  ],
  "num_stages": 4,
  "probe_context_per_stage": [
    0.861,
    0.854,
    0.728,
    0.438
  ],
  "probe_class_per_stage": [
    0.42,
    0.683,
    0.903,
    0.931
  ],
  "mask_iou_per_stage": [
    [
      [
        1.0,
        1.0,
        0.7297297297297297,
        0.8529411764705882
      ],
      [
        1.0,
        1.0,
        0.7297297297297297,
        0.8529411764705882
      ],
      [
        0.7297297297297297,
        0.7297297297297297,
        1.0,
        0.6153846153846154
      ],
      [
        0.8529411764705882,
        0.8529411764705882,
        0.6153846153846154,
        1.0
      ]
    ],
    [
      [
        1.0,
        0.9846153846153847,
        0.9393939393939394,
        0.9692307692307692
      ],
      [
        0.9846153846153847,
        1.0,
        0.9253731343283582,
        0.9545454545454546
      ],
      [
        0.9393939393939394,
        0.9253731343283582,
        1.0,
        0.9104477611940298
      ],
      [
        0.9692307692307692,
        0.9545454545454546,
        0.9104477611940298,
        1.0
      ]
    ],
    [
      [
        1.0,
        1.0,
        0.8676470588235294,
        0.9097744360902256
      ],
      [
        1.0,
        1.0,
        0.8676470588235294,
        0.9097744360902256
      ],
      [
        0.8676470588235294,
        0.8676470588235294,
        1.0,
        0.8156028368794326
      ],
      [
        0.9097744360902256,
        0.9097744360902256,
        0.8156028368794326,
        1.0
      ]
    ],
    [
      [
        1.0,
        1.0,
        0.9922178988326849,
        1.0
      ],
      [
        1.0,
        1.0,
        0.9922178988326849,
        1.0
      ],
      [
        0.9922178988326849,
        0.9922178988326849,
        1.0,
        0.9922178988326849
      ],
      [
        1.0,
        1.0,
        0.9922178988326849,
        1.0
      ]
    ]
  ]
}