{
  "gates": [
    0.18908920884132385,
    0.1436372846364975,
    0.15020416676998138,
    0.7972115278244019
  ],
  "num_stages": 4,
  "probe_context_per_stage": [
    0.999,
    0.993,
    0.946,
    0.927
  ],
  "probe_class_per_stage": [
    0.443,
    0.665,
    0.912,
    0.942
  ],
  "mask_iou_per_stage": [
    [
      [
        1.0,
        0.6842105263157895,
        0.4222222222222222,
        0.45454545454545453
      ],
      [
        0.6842105263157895,
        1.0,
        0.30612244897959184,
        0.4222222222222222
      ],
      [
        0.4222222222222222,
        0.30612244897959184,
        1.0,
        0.23076923076923078
      ],
      [
        0.45454545454545453,
        0.4222222222222222,
        0.23076923076923078,
        1.0
      ]
    ],
    [
      [
        1.0,
        0.9393939393939394,
        0.6410256410256411,
        0.8285714285714286
      ],
      [
        0.9393939393939394,
        1.0,
        0.620253164556962,
        0.7777777777777778
      ],
      [
        0.6410256410256411,
        0.620253164556962,
        1.0,
        0.6842105263157895
      ],
      [
        0.8285714285714286,
        0.7777777777777778,
        0.6842105263157895,
        1.0
      ]
    ],
    [
      [
        1.0,
        0.8686131386861314,
        0.924812030075188,
        0.8823529411764706
      ],
      [
        0.8686131386861314,
        1.0,
        0.855072463768116,
        0.8156028368794326
      ],
      [
        0.924812030075188,
        0.855072463768116,
        1.0,
        0.8962962962962963
      ],
      [
        0.8823529411764706,
        0.8156028368794326,
        0.8962962962962963,
        1.0
      ]
    ],
    [
      [
        1.0,
        0.9692307692307692,
        0.9692307692307692,
        0.9768339768339769
      ],
      [
        0.9692307692307692,
        1.0,
        0.9692307692307692,
        0.9616858237547893
      ],
      [
        0.9692307692307692,
        0.9692307692307692,
        1.0,
        0.9616858237547893
      ],
      [
        0.9768339768339769,
        0.9616858237547893,
        0.9616858237547893,
        1.0
      ]
    ]
  ]
}