{
  "gates": [
    0.13039088249206543,
    0.1822267323732376,
    0.15636567771434784,
    0.8452542424201965
  ],
  "num_stages": 4,
  "probe_context_per_stage": [
    0.874,
    0.858,
    0.767,
    0.625
  ],
  "probe_class_per_stage": [
    0.433,
    0.648,
    0.888,
    0.936
  ],
  "mask_iou_per_stage": [
    [
      [
        1.0,
        0.9117647058823529,
        0.4444444444444444,
        0.6666666666666666
      ],
      [
        0.9117647058823529,
        1.0,
        0.391304347826087,
        0.7297297297297297
      ],
      [
        0.4444444444444444,
        0.391304347826087,
        1.0,
        0.2549019607843137
      ],
      [
        0.6666666666666666,
        0.7297297297297297,
        0.2549019607843137,
        1.0
      ]
    ],
    [
      [
        1.0,
        1.0,
        0.7777777777777778,
        0.9692307692307692
      ],
      [
        1.0,
        1.0,
        0.7777777777777778,
        0.9692307692307692
      ],
      [
        0.7777777777777778,
        0.7777777777777778,
        1.0,
        0.7777777777777778
      ],
      [
        0.9692307692307692,
        0.9692307692307692,
        0.7777777777777778,
        1.0
      ]
    ],
    [
      [
        1.0,
        0.9922480620155039,
        0.8897058823529411,
        0.9769230769230769
      ],
      [
        0.9922480620155039,
        1.0,
        0.8823529411764706,
        0.9844961240310077
      ],
      [
        0.8897058823529411,
        0.8823529411764706,
        1.0,
        0.8686131386861314
      ],
      [
        0.9769230769230769,
        0.9844961240310077,
        0.8686131386861314,
        1.0
      ]
    ],
    [
      [
        1.0,
        1.0,
        0.9541984732824428,
        0.9922178988326849
      ],
      [
        1.0,
        1.0,
        0.9541984732824428,
        0.9922178988326849
      ],
      [
        0.9541984732824428,
        0.9541984732824428,
        1.0,
        0.9541984732824428
      ],
      [
        0.9922178988326849,
        0.9922178988326849,
        0.9541984732824428,
        1.0
      ]
    ]
  ]
}