{
  "gates": [
    0.1478222757577896,
    0.1018197238445282,
    0.1402353048324585,
    0.8468416929244995
  ],
  "num_stages": 4,
  "probe_context_per_stage": [
    0.88,
    0.867,
    0.778,
    0.578
  ],
  "probe_class_per_stage": [
    0.413,
    0.644,
    0.85,
    0.918
  ],
  "mask_iou_per_stage": [
    [
      [
        1.0,
        1.0,
        0.015625,
        0.9696969696969697
      ],
      [
        1.0,
        1.0,
        0.015625,
        0.9696969696969697
      ],
      [
        0.015625,
        0.015625,
        1.0,
        0.0
      ],
      [
        0.9696969696969697,
        0.9696969696969697,
        0.0,
        1.0
      ]
    ],
    [
      [
        1.0,
        0.984375,
        0.04065040650406504,
        0.984375
      ],
      [
        0.984375,
        1.0,
        0.032520325203252036,
        1.0
      ],
      [
        0.04065040650406504,
        0.032520325203252036,
        1.0,
        0.032520325203252036
      ],
      [
        0.984375,
        1.0,
        0.032520325203252036,
        1.0
      ]
    ],
    [
      [
        1.0,
        0.9847328244274809,
        0.588957055214724,
        0.9847328244274809
      ],
      [
        0.9847328244274809,
        1.0,
        0.5766871165644172,
        0.9846153846153847
      ],
      [
        0.588957055214724,
        0.5766871165644172,
        1.0,
        0.5766871165644172
      ],
      [
        0.9847328244274809,
        0.9846153846153847,
        0.5766871165644172,
        1.0
      ]
    ],
    [
      [
        1.0,
        0.99609375,
        0.7508532423208191,
        0.9922178988326849
      ],
      [
        0.99609375,
        1.0,
        0.7474402730375427,
        0.99609375
      ],
      [
        0.7508532423208191,
        0.7474402730375427,
        1.0,
        0.7448979591836735
      ],
      [
        0.9922178988326849,
        0.99609375,
        0.7448979591836735,
        1.0
      ]
    ]
  ]
}