{
  "gates": [
    0.1048675924539566,
    0.06890679895877838,
    0.09183989465236664,
    0.6672344207763672
  ],
  "num_stages": 4,
  "probe_context_per_stage": [
    0.881,
    0.822,
    0.618,
    0.445
  ],
  "probe_class_per_stage": [
    0.507,
    0.725,
    0.911,
    0.926
  ],
  "mask_iou_per_stage": [
    [
      [
        1.0,
        1.0,
        0.7777777777777778,
        1.0
      ],
      [
        1.0,
        1.0,
        0.7777777777777778,
        1.0
      ],
      [
        0.7777777777777778,
        0.7777777777777778,
        1.0,
        0.7777777777777778
      ],
      [
        1.0,
        1.0,
        0.7777777777777778,
        1.0
      ]
    ],
    [
      [
        1.0,
        0.8857142857142857,
        0.8857142857142857,
        0.9142857142857143
      ],
      [
        0.8857142857142857,
        1.0,
        0.7777777777777778,
        0.9696969696969697
      ],
      [
        0.8857142857142857,
        0.7777777777777778,
        1.0,
        0.8055555555555556
      ],
      [
        0.9142857142857143,
        0.9696969696969697,
        0.8055555555555556,
        1.0
      ]
    ],
    [
      [
        1.0,
        0.9264705882352942,
        0.8695652173913043,
        0.9552238805970149
      ],
      [
        0.9264705882352942,
        1.0,
        0.8055555555555556,
        0.9701492537313433
      ],
      [
        0.8695652173913043,
        0.8055555555555556,
        1.0,
        0.8309859154929577
      ],
      [
        0.9552238805970149,
        0.9701492537313433,
        0.8309859154929577,
        1.0
      ]
    ],
    [
      [
        1.0,
        0.9921875,
        0.9921875,
        0.9921875
      ],
      [
        0.9921875,
        1.0,
        0.9844961240310077,
        1.0
      ],
      [
        0.9921875,
        0.9844961240310077,
        1.0,
        0.9844961240310077
      ],
      [
        0.9921875,
        1.0,
        0.9844961240310077,
        1.0
      ]
    ]
  ]
}