{
  "scdmn_cnn": {
    "epoch": 29,
    "train_loss": 0.02807328389779939,
    "train_acc": 0.9917117387820513,
    "test_overall": 0.826175,
    "per_context": {
      "clean": 0.8424,
      "brightness": 0.8378,
      "frost": 0.8365,
      "gaussian_noise": 0.788
    },
    "gates": [
      0.1048675924539566,
      0.06890679895877838,
      0.09183989465236664,
      0.6672344207763672
    ]
  }
}